mellon_id,initial,revise,session_id,task,ini_score,revise_score,score_change
168473,CAB,CBA,7283_Professor,Professor,0,0,0
176362,ACB,CAB,7283_Professor,Professor,0,0,0
192561,BCA,BCA,7283_Professor,Professor,2,0,-2
184096,CBA,CBA,7283_Professor,Professor,0,0,0
199852,CBA,CBA,7285_Professor,Professor,0,0,0
191583,BCA,CBA,7285_Professor,Professor,2,0,-2
169788,CBA,CBA,7285_Professor,Professor,0,0,0
177814,ACB,CBA,7285_Professor,Professor,0,0,0
200527,BAC,BAC,7287_Professor,Professor,1,0,-1
198823,BAC,BAC,7287_Professor,Professor,1,0,-1
178143,BCA,BAC,7287_Professor,Professor,2,0,-2
192884,CBA,BAC,7287_Professor,Professor,0,0,0
201620,CAB,BCA,7288_Professor,Professor,0,0,0
174788,BCA,BCA,7288_Professor,Professor,2,0,-2
194314,CAB,BCA,7288_Professor,Professor,0,0,0
175043,BCA,BCA,7288_Professor,Professor,2,0,-2
201589,BAC,CBA,7289_Professor,Professor,1,0,-1
200796,BCA,CBA,7289_Professor,Professor,2,0,-2
186314,CBA,CBA,7289_Professor,Professor,0,0,0
197309,CBA,CBA,7289_Professor,Professor,0,0,0
199516,BCA,BCA,7290_Professor,Professor,2,0,-2
189847,ACB,BCA,7290_Professor,Professor,0,0,0
182193,BCA,BCA,7290_Professor,Professor,2,0,-2
183869,BCA,BCA,7290_Professor,Professor,2,0,-2
180283,ACB,ACB,7291_Professor,Professor,0,2,2
188632,BCA,ACB,7291_Professor,Professor,2,2,0
170242,BAC,ACB,7291_Professor,Professor,1,2,1
172188,CBA,ACB,7291_Professor,Professor,0,2,2
200250,BCA,CAB,7292_Professor,Professor,2,0,-2
201809,CBA,CAB,7292_Professor,Professor,0,0,0
165705,ACB,CAB,7292_Professor,Professor,0,0,0
167145,BCA,CAB,7292_Professor,Professor,2,0,-2
176616,ACB,CAB,7293_Professor,Professor,0,0,0
187072,BCA,BCA,7293_Professor,Professor,2,0,-2
186840,CBA,ACB,7293_Professor,Professor,0,2,2
185347,CBA,BCA,7293_Professor,Professor,0,0,0
166570,BAC,ACB,7294_Professor,Professor,1,2,1
194985,ABC,ACB,7294_Professor,Professor,0,2,2
174714,BAC,ACB,7294_Professor,Professor,1,2,1
196425,ACB,ACB,7294_Professor,Professor,0,2,2
178596,CBA,CAB,7296_Professor,Professor,0,0,0
179996,BCA,CAB,7296_Professor,Professor,2,0,-2
196951,CAB,CAB,7296_Professor,Professor,0,0,0
178993,CAB,CAB,7296_Professor,Professor,0,0,0
180160,BAC,BCA,7297_Professor,Professor,1,0,-1
194009,CAB,CAB,7297_Professor,Professor,0,0,0
198781,ABC,BCA,7297_Professor,Professor,0,0,0
178418,CBA,CBA,7297_Professor,Professor,0,0,0
163093,BAC,BAC,7298_PartyVenue,PartyVenue,1,0,-1
164591,BCA,BAC,7298_PartyVenue,PartyVenue,2,0,-2
173442,BAC,BAC,7298_PartyVenue,PartyVenue,1,0,-1
202618,CAB,BAC,7298_PartyVenue,PartyVenue,0,0,0
167001,CAB,BAC,7298_Professor,Professor,0,0,0
201680,CBA,BCA,7298_Professor,Professor,0,0,0
178633,BCA,BAC,7298_Professor,Professor,2,0,-2
181167,CBA,BAC,7298_Professor,Professor,0,0,0
190260,BCA,BCA,7298_candidate,candidate,2,0,-2
169013,BCA,BCA,7298_candidate,candidate,2,0,-2
183895,BCA,BCA,7298_candidate,candidate,2,0,-2
174017,BCA,BCA,7298_candidate,candidate,2,0,-2
187413,BCA,ACB,7299_PartyVenue,PartyVenue,2,2,0
166559,ACB,ACB,7299_PartyVenue,PartyVenue,0,2,2
188562,BAC,ACB,7299_PartyVenue,PartyVenue,1,2,1
185474,BCA,ACB,7299_PartyVenue,PartyVenue,2,2,0
196463,BAC,BAC,7299_Professor,Professor,1,0,-1
197319,CBA,BAC,7299_Professor,Professor,0,0,0
189154,ACB,CAB,7299_Professor,Professor,0,0,0
171747,CBA,BAC,7299_Professor,Professor,0,0,0
168446,CAB,ACB,7300_PartyVenue,PartyVenue,0,2,2
195147,ABC,ACB,7300_PartyVenue,PartyVenue,0,2,2
199734,ABC,ACB,7300_PartyVenue,PartyVenue,0,2,2
188567,ABC,ACB,7300_PartyVenue,PartyVenue,0,2,2
165989,CAB,ABC,7300_candidate,candidate,0,1,1
199132,ACB,CAB,7300_candidate,candidate,0,0,0
164751,BCA,CBA,7300_candidate,candidate,2,0,-2
177858,BCA,CAB,7300_candidate,candidate,2,0,-2
171888,BCA,BAC,7301_PartyVenue,PartyVenue,2,0,-2
197926,ABC,ABC,7301_PartyVenue,PartyVenue,0,1,1
170597,BAC,ABC,7301_PartyVenue,PartyVenue,1,1,0
176168,ABC,ABC,7301_PartyVenue,PartyVenue,0,1,1
198311,ACB,ACB,7301_Professor,Professor,0,2,2
176291,BAC,ACB,7301_Professor,Professor,1,2,1
173341,ABC,ACB,7301_Professor,Professor,0,2,2
171113,BCA,ACB,7301_Professor,Professor,2,2,0
174169,ABC,CBA,7301_candidate,candidate,0,0,0
188971,BAC,BAC,7301_candidate,candidate,1,0,-1
165703,BAC,BAC,7301_candidate,candidate,1,0,-1
172079,CBA,CBA,7301_candidate,candidate,0,0,0
176377,BAC,CBA,7302_PartyVenue,PartyVenue,1,0,-1
165391,ACB,CBA,7302_PartyVenue,PartyVenue,0,0,0
178953,CBA,CBA,7302_PartyVenue,PartyVenue,0,0,0
193656,BCA,CBA,7302_PartyVenue,PartyVenue,2,0,-2
171388,BCA,BAC,7302_Professor,Professor,2,0,-2
198189,BCA,BCA,7302_Professor,Professor,2,0,-2
199146,BCA,BAC,7302_Professor,Professor,2,0,-2
169535,ACB,BCA,7302_Professor,Professor,0,0,0
169054,BCA,BCA,7302_candidate,candidate,2,0,-2
201817,BCA,BCA,7302_candidate,candidate,2,0,-2
164363,BCA,BCA,7302_candidate,candidate,2,0,-2
182147,BCA,BCA,7302_candidate,candidate,2,0,-2
200925,BAC,BAC,7303_PartyVenue,PartyVenue,1,0,-1
188516,ACB,ACB,7303_PartyVenue,PartyVenue,0,2,2
181681,ACB,ACB,7303_PartyVenue,PartyVenue,0,2,2
168511,ACB,ACB,7303_PartyVenue,PartyVenue,0,2,2
190467,BAC,ACB,7303_Professor,Professor,1,2,1
193854,ACB,ACB,7303_Professor,Professor,0,2,2
176556,BCA,ACB,7303_Professor,Professor,2,2,0
193202,BCA,ACB,7303_Professor,Professor,2,2,0
163948,BAC,BAC,7304_PartyVenue,PartyVenue,1,0,-1
166007,ABC,BAC,7304_PartyVenue,PartyVenue,0,0,0
164497,BCA,BCA,7304_PartyVenue,PartyVenue,2,0,-2
173241,BAC,BAC,7304_PartyVenue,PartyVenue,1,0,-1
190878,BAC,BCA,7304_Professor,Professor,1,0,-1
199730,BCA,BCA,7304_Professor,Professor,2,0,-2
191083,BAC,BCA,7304_Professor,Professor,1,0,-1
jennajyee,CBA,BCA,7304_Professor,Professor,0,0,0
195157,ABC,BAC,7305_PartyVenue,PartyVenue,0,0,0
172318,BAC,BAC,7305_PartyVenue,PartyVenue,1,0,-1
192826,ACB,BAC,7305_PartyVenue,PartyVenue,0,0,0
164973,BAC,BAC,7305_PartyVenue,PartyVenue,1,0,-1
163757,BCA,BCA,7305_candidate,candidate,2,0,-2
171666,BCA,BCA,7305_candidate,candidate,2,0,-2
180929,BAC,BCA,7305_candidate,candidate,1,0,-1
195957,BCA,BCA,7305_candidate,candidate,2,0,-2
164987,BAC,BAC,7307_PartyVenue,PartyVenue,1,0,-1
168746,BCA,BCA,7307_PartyVenue,PartyVenue,2,0,-2
183931,ACB,BCA,7307_PartyVenue,PartyVenue,0,0,0
164559,BCA,BCA,7307_PartyVenue,PartyVenue,2,0,-2
201580,ABC,BAC,7308_PartyVenue,PartyVenue,0,0,0
163910,BAC,BAC,7308_PartyVenue,PartyVenue,1,0,-1
177841,BAC,BAC,7308_PartyVenue,PartyVenue,1,0,-1
181114,ABC,BAC,7308_PartyVenue,PartyVenue,0,0,0
167326,BAC,ABC,7309_PartyVenue,PartyVenue,1,1,0
193457,ABC,ABC,7309_PartyVenue,PartyVenue,0,1,1
201297,BAC,ABC,7309_PartyVenue,PartyVenue,1,1,0
194566,ABC,ABC,7309_PartyVenue,PartyVenue,0,1,1
191586,BCA,BCA,7310_Professor,Professor,2,0,-2
Santa@na2019,ACB,ACB,7310_Professor,Professor,0,2,2
186039,CBA,CAB,7310_Professor,Professor,0,0,0
165909,BCA,BCA,7310_Professor,Professor,2,0,-2
192176,BAC,BCA,7311_PartyVenue,PartyVenue,1,0,-1
168748,BCA,BCA,7311_PartyVenue,PartyVenue,2,0,-2
165626,BCA,BCA,7311_PartyVenue,PartyVenue,2,0,-2
182432,BCA,BCA,7311_PartyVenue,PartyVenue,2,0,-2
185353,CBA,CBA,7311_Professor,Professor,0,0,0
172168,ACB,CBA,7311_Professor,Professor,0,0,0
199711,BCA,BCA,7311_Professor,Professor,2,0,-2
184705,BAC,BAC,7311_Professor,Professor,1,0,-1
182704,BAC,BAC,7312_PartyVenue,PartyVenue,1,0,-1
199238,BAC,BAC,7312_PartyVenue,PartyVenue,1,0,-1
166933,ABC,BAC,7312_PartyVenue,PartyVenue,0,0,0
190018,BAC,BAC,7312_PartyVenue,PartyVenue,1,0,-1
200606,BCA,BCA,7312_Professor,Professor,2,0,-2
163580,BCA,BCA,7312_Professor,Professor,2,0,-2
178976,CBA,CBA,7312_Professor,Professor,0,0,0
186303,BCA,BCA,7312_Professor,Professor,2,0,-2
165251,BAC,BAC,7312_candidate,candidate,1,0,-1
169021,BCA,BCA,7312_candidate,candidate,2,0,-2
191740,BCA,BCA,7312_candidate,candidate,2,0,-2
201574,BCA,BCA,7312_candidate,candidate,2,0,-2
175763,CBA,CAB,7313_PartyVenue,PartyVenue,0,0,0
196386,ACB,CAB,7313_PartyVenue,PartyVenue,0,0,0
177792,BAC,CAB,7313_PartyVenue,PartyVenue,1,0,-1
167600,CAB,CAB,7313_PartyVenue,PartyVenue,0,0,0
181512,CBA,CAB,7313_Professor,Professor,0,0,0
172567,CAB,CAB,7313_Professor,Professor,0,0,0
178650,BAC,ACB,7313_Professor,Professor,1,2,1
194721,BAC,ACB,7313_Professor,Professor,1,2,1
Ratlife2001,BCA,BCA,7313_candidate,candidate,2,0,-2
202919,CBA,BCA,7313_candidate,candidate,0,0,0
198808,BAC,BCA,7313_candidate,candidate,1,0,-1
163573,BCA,BCA,7313_candidate,candidate,2,0,-2
185673,CAB,ACB,7314_PartyVenue,PartyVenue,0,2,2
165029,BAC,ACB,7314_PartyVenue,PartyVenue,1,2,1
200931,ABC,ABC,7314_PartyVenue,PartyVenue,0,1,1
169484,BAC,ACB,7314_PartyVenue,PartyVenue,1,2,1
179457,ABC,ACB,7314_Professor,Professor,0,2,2
189157,BCA,BCA,7314_Professor,Professor,2,0,-2
182679,ABC,BAC,7314_Professor,Professor,0,0,0
165116,ACB,ACB,7314_Professor,Professor,0,2,2
168299,BCA,BCA,7314_candidate,candidate,2,0,-2
186054,BCA,BCA,7314_candidate,candidate,2,0,-2
194595,ACB,BCA,7314_candidate,candidate,0,0,0
173656,CBA,BCA,7314_candidate,candidate,0,0,0
174150,BAC,BAC,7315_PartyVenue,PartyVenue,1,0,-1
189577,ABC,BAC,7315_PartyVenue,PartyVenue,0,0,0
175139,BAC,BAC,7315_PartyVenue,PartyVenue,1,0,-1
203297,BAC,BAC,7315_PartyVenue,PartyVenue,1,0,-1
183871,ABC,CAB,7315_Professor,Professor,0,0,0
182536,BCA,CAB,7315_Professor,Professor,2,0,-2
203106,BAC,CAB,7315_Professor,Professor,1,0,-1
179512,ACB,CAB,7315_Professor,Professor,0,0,0
171868,ABC,BCA,7316_PartyVenue,PartyVenue,0,0,0
188158,BCA,BCA,7316_PartyVenue,PartyVenue,2,0,-2
169817,BCA,BCA,7316_PartyVenue,PartyVenue,2,0,-2
183480,CBA,BCA,7316_PartyVenue,PartyVenue,0,0,0
201535,CBA,CAB,7316_Professor,Professor,0,0,0
202584,BAC,ACB,7316_Professor,Professor,1,2,1
168113,CBA,CAB,7316_Professor,Professor,0,0,0
166101,BCA,ACB,7316_Professor,Professor,2,2,0
165382,BCA,CBA,7316_candidate,candidate,2,0,-2
181843,BCA,CBA,7316_candidate,candidate,2,0,-2
197514,CBA,CBA,7316_candidate,candidate,0,0,0
192164,BCA,CBA,7316_candidate,candidate,2,0,-2
168162,ACB,ACB,7317_PartyVenue,PartyVenue,0,2,2
196892,BAC,BAC,7317_PartyVenue,PartyVenue,1,0,-1
163903,BCA,BAC,7317_PartyVenue,PartyVenue,2,0,-2
201600,BAC,BAC,7317_PartyVenue,PartyVenue,1,0,-1
174548,CBA,CBA,7317_candidate,candidate,0,0,0
175771,CAB,CBA,7317_candidate,candidate,0,0,0
juarezm,BCA,CBA,7317_candidate,candidate,2,0,-2
194777,BCA,CBA,7317_candidate,candidate,2,0,-2
198732,ABC,ACB,7318_PartyVenue,PartyVenue,0,2,2
186946,ACB,ACB,7318_PartyVenue,PartyVenue,0,2,2
164830,BAC,BCA,7318_PartyVenue,PartyVenue,1,0,-1
186849,ACB,ACB,7318_PartyVenue,PartyVenue,0,2,2
167332,BCA,ACB,7319_candidate,candidate,2,2,0
163585,CAB,ACB,7319_candidate,candidate,0,2,2
168642,BAC,ABC,7319_candidate,candidate,1,1,0
189613,BCA,ACB,7319_candidate,candidate,2,2,0
198341,BCA,CBA,7320_candidate,candidate,2,0,-2
164205,CBA,CBA,7320_candidate,candidate,0,0,0
165994,CBA,CBA,7320_candidate,candidate,0,0,0
186325,CBA,CBA,7320_candidate,candidate,0,0,0
191718,ACB,CBA,7321_candidate,candidate,0,0,0
192594,BCA,CBA,7321_candidate,candidate,2,0,-2
194463,CBA,CBA,7321_candidate,candidate,0,0,0
198838,BCA,CBA,7321_candidate,candidate,2,0,-2
187333,CAB,BAC,7322_PartyVenue,PartyVenue,0,0,0
184978,BAC,BAC,7322_PartyVenue,PartyVenue,1,0,-1
187753,BAC,BAC,7322_PartyVenue,PartyVenue,1,0,-1
165362,BAC,BAC,7322_PartyVenue,PartyVenue,1,0,-1
201973,BCA,BCA,7322_candidate,candidate,2,0,-2
172169,CBA,BCA,7322_candidate,candidate,0,0,0
198974,BCA,BCA,7322_candidate,candidate,2,0,-2
185491,BAC,BCA,7322_candidate,candidate,1,0,-1
166720,BCA,CAB,7323_PartyVenue,PartyVenue,2,0,-2
163354,BAC,CAB,7323_PartyVenue,PartyVenue,1,0,-1
166483,CBA,CAB,7323_PartyVenue,PartyVenue,0,0,0
190742,ACB,CAB,7323_PartyVenue,PartyVenue,0,0,0
166968,BCA,BCA,7323_candidate,candidate,2,0,-2
201210,BCA,BCA,7323_candidate,candidate,2,0,-2
166778,BCA,BCA,7323_candidate,candidate,2,0,-2
196519,BAC,BCA,7323_candidate,candidate,1,0,-1
165780,BCA,BCA,7324_candidate,candidate,2,0,-2
172946,BCA,BCA,7324_candidate,candidate,2,0,-2
163078,BCA,BCA,7324_candidate,candidate,2,0,-2
179378,BCA,BCA,7324_candidate,candidate,2,0,-2
198452,BCA,BCA,7325_PartyVenue,PartyVenue,2,0,-2
174397,BAC,BCA,7325_PartyVenue,PartyVenue,1,0,-1
188893,BAC,BCA,7325_PartyVenue,PartyVenue,1,0,-1
184577,BAC,BCA,7325_PartyVenue,PartyVenue,1,0,-1
164383,BAC,BCA,7325_candidate,candidate,1,0,-1
164343,CBA,BCA,7325_candidate,candidate,0,0,0
198570,BCA,BCA,7325_candidate,candidate,2,0,-2
198785,BCA,BCA,7325_candidate,candidate,2,0,-2
172974,ABC,BAC,7326_PartyVenue,PartyVenue,0,0,0
167746,BCA,BAC,7326_PartyVenue,PartyVenue,2,0,-2
200870,ABC,BAC,7326_PartyVenue,PartyVenue,0,0,0
191751,BCA,BCA,7326_PartyVenue,PartyVenue,2,0,-2
172546,BCA,BCA,7326_candidate,candidate,2,0,-2
188900,BCA,BCA,7326_candidate,candidate,2,0,-2
165656,BCA,BCA,7326_candidate,candidate,2,0,-2
168213,BAC,BCA,7326_candidate,candidate,1,0,-1
172710,ACB,BCA,7327_PartyVenue,PartyVenue,0,0,0
194454,ABC,BCA,7327_PartyVenue,PartyVenue,0,0,0
197188,BAC,BCA,7327_PartyVenue,PartyVenue,1,0,-1
195347,BAC,BCA,7327_PartyVenue,PartyVenue,1,0,-1
172070,BAC,BCA,7327_candidate,candidate,1,0,-1
180479,BAC,BCA,7327_candidate,candidate,1,0,-1
201929,BCA,BCA,7327_candidate,candidate,2,0,-2
190616,BAC,BCA,7327_candidate,candidate,1,0,-1
177766,ABC,ABC,7328_PartyVenue,PartyVenue,0,1,1
184959,BAC,ABC,7328_PartyVenue,PartyVenue,1,1,0
179276,BAC,ABC,7328_PartyVenue,PartyVenue,1,1,0
183255,BCA,ABC,7328_PartyVenue,PartyVenue,2,1,-1
186592,BAC,BAC,7328_candidate,candidate,1,0,-1
164498,BCA,BCA,7328_candidate,candidate,2,0,-2
174352,BAC,BAC,7328_candidate,candidate,1,0,-1
194078,BCA,BAC,7328_candidate,candidate,2,0,-2
164135,CAB,ACB,7329_PartyVenue,PartyVenue,0,2,2
201830,ACB,ACB,7329_PartyVenue,PartyVenue,0,2,2
169144,ACB,ACB,7329_PartyVenue,PartyVenue,0,2,2
194625,BAC,ACB,7329_PartyVenue,PartyVenue,1,2,1
190611,BAC,CBA,7329_candidate,candidate,1,0,-1
199244,CBA,CBA,7329_candidate,candidate,0,0,0
181888,BCA,CBA,7329_candidate,candidate,2,0,-2
173410,BCA,CBA,7329_candidate,candidate,2,0,-2
185001,BCA,BCA,7330_candidate,candidate,2,0,-2
196844,BCA,BCA,7330_candidate,candidate,2,0,-2
175849,BCA,BCA,7330_candidate,candidate,2,0,-2
168939,BCA,BCA,7330_candidate,candidate,2,0,-2
166807,BAC,BCA,7331_candidate,candidate,1,0,-1
166145,BCA,BCA,7331_candidate,candidate,2,0,-2
190974,BCA,BCA,7331_candidate,candidate,2,0,-2
169429,CBA,BCA,7331_candidate,candidate,0,0,0
165036,BCA,BAC,7332_candidate,candidate,2,0,-2
190567,BAC,BAC,7332_candidate,candidate,1,0,-1
189703,BCA,BAC,7332_candidate,candidate,2,0,-2
168209,BAC,BAC,7332_candidate,candidate,1,0,-1
166429,BAC,CBA,7342_candidate,candidate,1,0,-1
180732,BCA,CBA,7342_candidate,candidate,2,0,-2
176837,CAB,CBA,7342_candidate,candidate,0,0,0
192928,BCA,CBA,7342_candidate,candidate,2,0,-2
163793,BAC,BAC,7343_apartment,apartment,1,0,-1
163929,BAC,BAC,7343_apartment,apartment,1,0,-1
189654,BAC,BAC,7343_apartment,apartment,1,0,-1
163202,BAC,BAC,7343_apartment,apartment,1,0,-1
200266,CBA,CAB,7343_candidate,candidate,0,0,0
172101,BCA,CAB,7343_candidate,candidate,2,0,-2
168798,BCA,CAB,7343_candidate,candidate,2,0,-2
172593,CBA,CAB,7343_candidate,candidate,0,0,0
193124,BAC,BAC,7344_apartment,apartment,1,0,-1
186987,BAC,BAC,7344_apartment,apartment,1,0,-1
164273,BCA,BAC,7344_apartment,apartment,2,0,-2
163867,BAC,BAC,7344_apartment,apartment,1,0,-1
170293,BCA,CBA,7344_candidate,candidate,2,0,-2
169409,CBA,CBA,7344_candidate,candidate,0,0,0
199042,CBA,CBA,7344_candidate,candidate,0,0,0
199280,BCA,CBA,7344_candidate,candidate,2,0,-2
175239,BAC,BAC,7345_apartment,apartment,1,0,-1
191361,BAC,BAC,7345_apartment,apartment,1,0,-1
197696,BAC,BAC,7345_apartment,apartment,1,0,-1
zotzot,BAC,BAC,7345_apartment,apartment,1,0,-1
184695,BCA,BCA,7345_candidate,candidate,2,0,-2
198029,BCA,BCA,7345_candidate,candidate,2,0,-2
177127,BCA,BCA,7345_candidate,candidate,2,0,-2
178114,BCA,BCA,7345_candidate,candidate,2,0,-2
185896,BAC,BAC,7346_apartment,apartment,1,0,-1
198841,BAC,BAC,7346_apartment,apartment,1,0,-1
164168,BAC,BAC,7346_apartment,apartment,1,0,-1
179668,BCA,BAC,7346_apartment,apartment,2,0,-2
169487,BAC,BAC,7346_candidate,candidate,1,0,-1
175574,BAC,BAC,7346_candidate,candidate,1,0,-1
180246,ACB,BAC,7346_candidate,candidate,0,0,0
191758,BCA,BAC,7346_candidate,candidate,2,0,-2
164313,BCA,BAC,7347_apartment,apartment,2,0,-2
196441,BAC,BAC,7347_apartment,apartment,1,0,-1
169447,BAC,BAC,7347_apartment,apartment,1,0,-1
176980,BAC,BAC,7347_apartment,apartment,1,0,-1
188785,BAC,BAC,7348_apartment,apartment,1,0,-1
202871,BCA,BAC,7348_apartment,apartment,2,0,-2
166807,BCA,BAC,7348_apartment,apartment,2,0,-2
194861,BAC,BAC,7348_apartment,apartment,1,0,-1
195013,CBA,CBA,7349_candidate,candidate,0,0,0
171885,ACB,CBA,7349_candidate,candidate,0,0,0
188181,CAB,CBA,7349_candidate,candidate,0,0,0
199410,BAC,CBA,7349_candidate,candidate,1,0,-1
175263,BAC,BAC,7350_apartment,apartment,1,0,-1
171228,ACB,BAC,7350_apartment,apartment,0,0,0
179780,BAC,BAC,7350_apartment,apartment,1,0,-1
190865,BCA,BAC,7350_apartment,apartment,2,0,-2
190185,BCA,BCA,7350_candidate,candidate,2,0,-2
174112,BCA,BCA,7350_candidate,candidate,2,0,-2
180552,BCA,BCA,7350_candidate,candidate,2,0,-2
192035,BCA,BCA,7350_candidate,candidate,2,0,-2
179706,ABC,ABC,7351_apartment,apartment,0,1,1
162850,ABC,ABC,7351_apartment,apartment,0,1,1
162936,BAC,ABC,7351_apartment,apartment,1,1,0
182908,BCA,ABC,7351_apartment,apartment,2,1,-1
198410,BAC,BAC,7353_apartment,apartment,1,0,-1
199817,BAC,BAC,7353_apartment,apartment,1,0,-1
177337,BAC,BAC,7353_apartment,apartment,1,0,-1
170880,BAC,BAC,7353_apartment,apartment,1,0,-1
181200,BCA,ACB,7354_apartment,apartment,2,2,0
176874,ABC,ACB,7354_apartment,apartment,0,2,2
192484,ACB,ACB,7354_apartment,apartment,0,2,2
166771,ABC,ACB,7354_apartment,apartment,0,2,2
173304,BAC,ABC,7355_apartment,apartment,1,1,0
178047,BAC,ABC,7355_apartment,apartment,1,1,0
169503,BAC,ACB,7355_apartment,apartment,1,2,1
191733,ACB,ABC,7355_apartment,apartment,0,1,1
175100,BAC,BAC,7357_apartment,apartment,1,0,-1
181959,ACB,BAC,7357_apartment,apartment,0,0,0
164048,BAC,BAC,7357_apartment,apartment,1,0,-1
190355,ABC,BAC,7357_apartment,apartment,0,0,0
170398,BCA,BAC,7358_apartment,apartment,2,0,-2
162848,BCA,BAC,7358_apartment,apartment,2,0,-2
197092,BAC,BAC,7358_apartment,apartment,1,0,-1
198355,BAC,BAC,7358_apartment,apartment,1,0,-1
199520,ABC,BAC,7359_apartment,apartment,0,0,0
163890,BAC,BAC,7359_apartment,apartment,1,0,-1
ucinetid,BCA,BAC,7359_apartment,apartment,2,0,-2
181104,BAC,BAC,7359_apartment,apartment,1,0,-1
168862,BAC,ACB,7360_apartment,apartment,1,2,1
197998,ABC,ACB,7360_apartment,apartment,0,2,2
168702,BAC,ACB,7360_apartment,apartment,1,2,1
200618,BAC,ACB,7360_apartment,apartment,1,2,1
198964,ABC,BAC,7361_apartment,apartment,0,0,0
174411,BCA,BAC,7361_apartment,apartment,2,0,-2
165258,BCA,BAC,7361_apartment,apartment,2,0,-2
186628,BAC,BAC,7361_apartment,apartment,1,0,-1
194848,BAC,CAB,7362_apartment,apartment,1,0,-1
165876,BCA,CAB,7362_apartment,apartment,2,0,-2
176070,ABC,CAB,7362_apartment,apartment,0,0,0
173234,BAC,CAB,7362_apartment,apartment,1,0,-1
195948,BAC,BAC,7363_apartment,apartment,1,0,-1
201536,BAC,BAC,7363_apartment,apartment,1,0,-1
193611,BAC,BAC,7363_apartment,apartment,1,0,-1
193517,BAC,BAC,7363_apartment,apartment,1,0,-1
185698,ABC,ABC,7364_apartment,apartment,0,1,1
201745,BAC,ABC,7364_apartment,apartment,1,1,0
194921,ABC,ABC,7364_apartment,apartment,0,1,1
200051,ABC,ABC,7364_apartment,apartment,0,1,1
196148,BAC,BAC,7365_apartment,apartment,1,0,-1
176100,BAC,BAC,7365_apartment,apartment,1,0,-1
163842,BAC,BAC,7365_apartment,apartment,1,0,-1
190482,BCA,BAC,7365_apartment,apartment,2,0,-2
195075,BAC,BAC,7367_apartment,apartment,1,0,-1
183820,BCA,BAC,7367_apartment,apartment,2,0,-2
170614,BAC,BAC,7367_apartment,apartment,1,0,-1
163312,ABC,BAC,7367_apartment,apartment,0,0,0
181900,BAC,ABC,7370_apartment,apartment,1,1,0
194656,ABC,ABC,7370_apartment,apartment,0,1,1
181041,ABC,ABC,7370_apartment,apartment,0,1,1
178642,BAC,ABC,7370_apartment,apartment,1,1,0
198167,ABC,ABC,7371_apartment,apartment,0,1,1
202152,BAC,ABC,7371_apartment,apartment,1,1,0
191605,ABC,ABC,7371_apartment,apartment,0,1,1
192329,BAC,ABC,7371_apartment,apartment,1,1,0
167156,ABC,ABC,7372_apartment,apartment,0,1,1
190133,BAC,ABC,7372_apartment,apartment,1,1,0
167333,ABC,ABC,7372_apartment,apartment,0,1,1
168215,BAC,ABC,7372_apartment,apartment,1,1,0
165974,ABC,BAC,7373_apartment,apartment,0,0,0
166149,BAC,BAC,7373_apartment,apartment,1,0,-1
166141,BAC,BAC,7373_apartment,apartment,1,0,-1
185120,BCA,BAC,7373_apartment,apartment,2,0,-2
196335,ABC,ABC,7374_apartment,apartment,0,1,1
170172,BAC,ABC,7374_apartment,apartment,1,1,0
192121,BAC,ABC,7374_apartment,apartment,1,1,0
177408,ABC,ABC,7374_apartment,apartment,0,1,1
201285,ABC,BAC,7375_apartment,apartment,0,0,0
170620,BAC,BAC,7375_apartment,apartment,1,0,-1
164814,BAC,BAC,7375_apartment,apartment,1,0,-1
174059,BAC,BAC,7375_apartment,apartment,1,0,-1
C@ss3tte,ABC,ABC,7376_apartment,apartment,0,1,1
179016,BAC,BAC,7376_apartment,apartment,1,0,-1
191341,BAC,BAC,7376_apartment,apartment,1,0,-1
194334,BAC,BAC,7376_apartment,apartment,1,0,-1
201648,CBA,BAC,7377_apartment,apartment,0,0,0
165634,BAC,BAC,7377_apartment,apartment,1,0,-1
166063,BAC,BAC,7377_apartment,apartment,1,0,-1
180976,BCA,BAC,7377_apartment,apartment,2,0,-2
181207,ABC,ABC,7378_apartment,apartment,0,1,1
166151,ABC,ABC,7378_apartment,apartment,0,1,1
169077,BAC,ABC,7378_apartment,apartment,1,1,0
170115,BAC,ABC,7378_apartment,apartment,1,1,0
183556,BAC,ACB,7380_apartment,apartment,1,2,1
174115,BAC,ACB,7380_apartment,apartment,1,2,1
195499,BAC,ACB,7380_apartment,apartment,1,2,1
192482,BAC,ACB,7380_apartment,apartment,1,2,1
166943,BCA,BCA,7320_Professor,Professor,2,0,-2
182927,BAC,BCA,7320_Professor,Professor,1,0,-1
168426,BCA,BCA,7320_Professor,Professor,2,0,-2
174245,CAB,BCA,7320_Professor,Professor,0,0,0
170689,BCA,CAB,7322_Professor,Professor,2,0,-2
184940,BCA,CAB,7322_Professor,Professor,2,0,-2
201001,CAB,CAB,7322_Professor,Professor,0,0,0
165301,CBA,CAB,7322_Professor,Professor,0,0,0
190566,ABC,ACB,7348_PartyVenue,PartyVenue,0,2,2
201352,BAC,ACB,7348_PartyVenue,PartyVenue,1,2,1
185680,ABC,ACB,7348_PartyVenue,PartyVenue,0,2,2
194531,CBA,ACB,7348_PartyVenue,PartyVenue,0,2,2
166874,BCA,CBA,7353_PartyVenue,PartyVenue,2,0,-2
184968,BAC,CBA,7353_PartyVenue,PartyVenue,1,0,-1
166265,ABC,CBA,7353_PartyVenue,PartyVenue,0,0,0
189740,BAC,CBA,7353_PartyVenue,PartyVenue,1,0,-1
194795,ACB,ACB,7354_PartyVenue,PartyVenue,0,2,2
175615,BAC,ACB,7354_PartyVenue,PartyVenue,1,2,1
190028,ABC,ABC,7354_PartyVenue,PartyVenue,0,1,1
165026,ACB,ACB,7354_PartyVenue,PartyVenue,0,2,2
165971,CAB,CBA,7354_candidate,candidate,0,0,0
174719,BCA,CBA,7354_candidate,candidate,2,0,-2
183071,CBA,BCA,7354_candidate,candidate,0,0,0
185090,BCA,CBA,7354_candidate,candidate,2,0,-2
172147,CAB,ACB,7355_PartyVenue,PartyVenue,0,2,2
169968,ACB,ACB,7355_PartyVenue,PartyVenue,0,2,2
188206,ACB,ACB,7355_PartyVenue,PartyVenue,0,2,2
179788,BAC,ACB,7355_PartyVenue,PartyVenue,1,2,1
187563,BAC,BAC,7356_PartyVenue,PartyVenue,1,0,-1
199314,ACB,ACB,7356_PartyVenue,PartyVenue,0,2,2
165396,CBA,ACB,7356_PartyVenue,PartyVenue,0,2,2
163983,BAC,ACB,7356_PartyVenue,PartyVenue,1,2,1
198007,CAB,CBA,7356_candidate,candidate,0,0,0
197446,CBA,CBA,7356_candidate,candidate,0,0,0
185836,BCA,CBA,7356_candidate,candidate,2,0,-2
170246,BCA,BCA,7356_candidate,candidate,2,0,-2
189059,BAC,BAC,7357_PartyVenue,PartyVenue,1,0,-1
164175,ACB,ACB,7357_PartyVenue,PartyVenue,0,2,2
197425,CAB,BAC,7357_PartyVenue,PartyVenue,0,0,0
203013,BAC,BAC,7357_PartyVenue,PartyVenue,1,0,-1
179684,BCA,BCA,7358_candidate,candidate,2,0,-2
170691,BAC,BCA,7358_candidate,candidate,1,0,-1
202169,BCA,BCA,7358_candidate,candidate,2,0,-2
172762,BCA,BCA,7358_candidate,candidate,2,0,-2
192842,ACB,ACB,7363_PartyVenue,PartyVenue,0,2,2
170384,BCA,ACB,7363_PartyVenue,PartyVenue,2,2,0
197967,ABC,ACB,7363_PartyVenue,PartyVenue,0,2,2
171138,ACB,ACB,7363_PartyVenue,PartyVenue,0,2,2
203404,BCA,BCA,7366_candidate,candidate,2,0,-2
198251,BCA,BCA,7366_candidate,candidate,2,0,-2
191802,BCA,BCA,7366_candidate,candidate,2,0,-2
166085,BCA,BCA,7366_candidate,candidate,2,0,-2
165170,BAC,CBA,7367_candidate,candidate,1,0,-1
183614,CBA,CBA,7367_candidate,candidate,0,0,0
186557,CBA,CBA,7367_candidate,candidate,0,0,0
190696,BCA,CBA,7367_candidate,candidate,2,0,-2
177505,BAC,BCA,7369_candidate,candidate,1,0,-1
188928,CBA,BCA,7369_candidate,candidate,0,0,0
194304,BCA,BCA,7369_candidate,candidate,2,0,-2
wendy6,CAB,BCA,7369_candidate,candidate,0,0,0
163721,BAC,BCA,7370_candidate,candidate,1,0,-1
189885,BCA,BCA,7370_candidate,candidate,2,0,-2
178949,BAC,BCA,7370_candidate,candidate,1,0,-1
190690,BCA,BCA,7370_candidate,candidate,2,0,-2
Isabella,BCA,BCA,7371_candidate,candidate,2,0,-2
195466,CBA,BCA,7371_candidate,candidate,0,0,0
187876,BCA,BCA,7371_candidate,candidate,2,0,-2
180275,BCA,BCA,7371_candidate,candidate,2,0,-2
171680,BCA,ACB,7372_candidate,candidate,2,2,0
174849,BCA,CAB,7372_candidate,candidate,2,0,-2
180376,BCA,CAB,7372_candidate,candidate,2,0,-2
172140,CAB,ACB,7372_candidate,candidate,0,2,2
167358,BCA,CAB,7373_candidate,candidate,2,0,-2
202060,CBA,CBA,7373_candidate,candidate,0,0,0
169460,BCA,CAB,7373_candidate,candidate,2,0,-2
zotzot,BCA,ABC,7373_candidate,candidate,2,1,-1
177748,BAC,BCA,7375_candidate,candidate,1,0,-1
191626,BCA,BCA,7375_candidate,candidate,2,0,-2
167731,BCA,BCA,7375_candidate,candidate,2,0,-2
180841,CBA,BCA,7375_candidate,candidate,0,0,0
200321,CAB,ABC,7388_apartment,apartment,0,1,1
170756,BAC,ABC,7388_apartment,apartment,1,1,0
199666,BAC,ABC,7388_apartment,apartment,1,1,0
167626,BAC,ABC,7388_apartment,apartment,1,1,0